<?xml version="1.0"?>
<doc>
    <assembly>
        <name>Bunifu.UI.WinForms.BunifuToggleSwitch</name>
    </assembly>
    <members>
        <member name="T:Bunifu.UI.WinForms.BunifuToggleSwitch">
            <summary>
            Add customizable switches that toggle between 
            the visual states of settings and features.
            </summary>
        </member>
        <member name="M:Bunifu.UI.WinForms.BunifuToggleSwitch.#ctor">
            <summary>
            Initializes a new instance of the <see cref="T:Bunifu.UI.WinForms.BunifuToggleSwitch"/> class.
            </summary>
        </member>
        <member name="P:Bunifu.UI.WinForms.BunifuToggleSwitch.Checked">
            <summary>
            Gets or sets a value indicating whether 
            the Toggle Switch has been checked.
            </summary>
        </member>
        <member name="P:Bunifu.UI.WinForms.BunifuToggleSwitch.Animation">
            <summary>
            Gets or sets the animation speed.
            </summary>
        </member>
        <member name="P:Bunifu.UI.WinForms.BunifuToggleSwitch.ThumbMargin">
            <summary>
            Gets or sets the thumb's (inner circle) padding.
            </summary>
        </member>
        <member name="P:Bunifu.UI.WinForms.BunifuToggleSwitch.ToggleStateOn">
            <summary>
            Gets or sets the visual properties of the 'ON' toggle state.
            </summary>
        </member>
        <member name="P:Bunifu.UI.WinForms.BunifuToggleSwitch.ToggleStateOff">
            <summary>
            Gets or sets the visual properties of the 'OFF' toggle state.
            </summary>
        </member>
        <member name="P:Bunifu.UI.WinForms.BunifuToggleSwitch.ToggleStateDisabled">
            <summary>
            Gets or sets the visual properties of the disabled toggle state.
            </summary>
        </member>
        <member name="P:Bunifu.UI.WinForms.BunifuToggleSwitch.Value">
            <summary>
            Gets or sets a value indicating whether thw switch is checked.
            </summary>
        </member>
        <member name="P:Bunifu.UI.WinForms.BunifuToggleSwitch.InnerCirclePadding">
            <summary>
            Gets or sets the inner circle's padding.
            </summary>
        </member>
        <member name="P:Bunifu.UI.WinForms.BunifuToggleSwitch.Padding">
            <summary>
            Gets or sets the inner circle's padding.
            </summary>
        </member>
        <member name="P:Bunifu.UI.WinForms.BunifuToggleSwitch.BackgroundImage">
            <summary>
            Gets or sets the background image displayed in the control.
            </summary>
            <value>The background image.</value>
        </member>
        <member name="P:Bunifu.UI.WinForms.BunifuToggleSwitch.BackgroundImageLayout">
            <summary>
            Gets or sets the background image layout as defined in the <see cref="T:System.Windows.Forms.ImageLayout" /> enumeration.
            </summary>
            <value>The background image layout.</value>
        </member>
        <member name="T:Bunifu.UI.WinForms.BunifuToggleSwitch.ToggleState">
            <summary>
            Provides visual properties for customizing  
            <see cref="T:Bunifu.UI.WinForms.BunifuToggleSwitch"/>.
            </summary>
        </member>
        <member name="P:Bunifu.UI.WinForms.BunifuToggleSwitch.ToggleState.BorderThicknessInner">
            <summary>
            Gets or sets the inner border thickness.
            </summary>
        </member>
        <member name="P:Bunifu.UI.WinForms.BunifuToggleSwitch.ToggleState.BorderRadiusInner">
            <summary>
            Gets or sets the inner border radius.
            </summary>
        </member>
        <member name="P:Bunifu.UI.WinForms.BunifuToggleSwitch.ToggleState.BorderThickness">
            <summary>
            Gets or sets the border thickness.
            </summary>
        </member>
        <member name="P:Bunifu.UI.WinForms.BunifuToggleSwitch.ToggleState.BorderRadius">
            <summary>
            Gets or sets the border radius.
            </summary>
        </member>
        <member name="P:Bunifu.UI.WinForms.BunifuToggleSwitch.ToggleState.BorderColor">
            <summary>
            Gets or sets the border color.
            </summary>
        </member>
        <member name="P:Bunifu.UI.WinForms.BunifuToggleSwitch.ToggleState.BorderColorInner">
            <summary>
            Gets or sets the inner border color.
            </summary>
        </member>
        <member name="P:Bunifu.UI.WinForms.BunifuToggleSwitch.ToggleState.BackColor">
            <summary>
            Gets or sets the background color.
            </summary>
        </member>
        <member name="P:Bunifu.UI.WinForms.BunifuToggleSwitch.ToggleState.BackColorInner">
            <summary>
            Gets or sets the inner background color.
            </summary>
        </member>
        <member name="M:Bunifu.UI.WinForms.BunifuToggleSwitch.ToggleState.ToString">
            <summary>
            Returns a <see cref="T:System.String"/> containing 
            the default properties.
            </summary>
        </member>
        <member name="M:Bunifu.UI.WinForms.BunifuToggleSwitch.ResizeControl">
            <summary>
            Resizes amd re-renders the control appropriately.
            </summary>
        </member>
        <member name="M:Bunifu.UI.WinForms.BunifuToggleSwitch.Refresh">
            <summary>
            Forces the control to invalidate its client area and 
            immediately redraw itself and any child controls.
            </summary>
        </member>
        <member name="M:Bunifu.UI.WinForms.BunifuToggleSwitch.DrawCircle(Bunifu.UI.WinForms.BunifuToggleSwitch.ToggleState)">
            <summary>
            Draws the thumb circle.
            </summary>
            <param name="State">The state.</param>
        </member>
        <member name="M:Bunifu.UI.WinForms.BunifuToggleSwitch.DrawBackground(Bunifu.UI.WinForms.BunifuToggleSwitch.ToggleState)">
            <summary>
            Draws the toggle's background.
            </summary>
            <param name="State">The state.</param>
        </member>
        <member name="M:Bunifu.UI.WinForms.BunifuToggleSwitch.DrawRoundedRectangle(System.Drawing.Graphics,System.Drawing.Rectangle,System.Int32,System.Drawing.Pen,System.Drawing.Color)">
            <summary>
            Draws a rounded background rectangle.
            </summary>
            <param name="graphics">The graphics object to use when drawing.</param>
            <param name="bounds">The drawing rectangle's bounds.</param>
            <param name="radius">The border radius.</param>
            <param name="pen">The drawing pen to use.</param>
            <param name="backColor">The background color.</param>
        </member>
        <member name="E:Bunifu.UI.WinForms.BunifuToggleSwitch.CheckedChanged">
            <summary>
            Occurs when the switch value has been changed.
            </summary>
        </member>
        <member name="E:Bunifu.UI.WinForms.BunifuToggleSwitch.OnValuechange">
            <summary>
            Occurs when the switch value has been changed.
            </summary>
        </member>
        <member name="T:Bunifu.UI.WinForms.BunifuToggleSwitch.CheckedChangedEventArgs">
            <summary>
            Provides data for the <see cref="E:Bunifu.UI.WinForms.BunifuToggleSwitch.CheckedChanged"/> event.
            </summary>
        </member>
        <member name="M:Bunifu.UI.WinForms.BunifuToggleSwitch.CheckedChangedEventArgs.#ctor(System.Boolean)">
            <summary>
            Provides data for the <see cref="E:Bunifu.UI.WinForms.BunifuToggleSwitch.CheckedChanged"/> event.
            </summary>
            <param name="isChecked">
            Set the checked value to true/false.
            </param>
        </member>
        <member name="P:Bunifu.UI.WinForms.BunifuToggleSwitch.CheckedChangedEventArgs.Checked">
            <summary>
            Gets a value indicating whether the control is checked.
            </summary>
        </member>
        <member name="T:Bunifu.UI.WinForms.BunifuToggleSwitch.BunifuControlActionList">
            <summary>
            Initializes a new instance of the <see cref="T:Bunifu.UI.WinForms.BunifuToggleSwitch.BunifuControlActionList"/> class.
            </summary>
            <seealso cref="T:System.ComponentModel.Design.DesignerActionList" />
        </member>
        <member name="M:Bunifu.UI.WinForms.BunifuToggleSwitch.BunifuControlActionList.GetSortedActionItems">
            <summary>
            Implementation of this abstract method creates Smart Tag items,
            associates their targets, and collects them into a list.
            </summary>
        </member>
        <member name="M:Bunifu.UI.WinForms.BunifuToggleSwitch.BunifuControlActionList.Redraw">
            <summary>
            Forces the control to invalidate its client area and 
            immediately redraw itself and any child controls.
            </summary>
        </member>
        <member name="F:Bunifu.UI.WinForms.BunifuToggleSwitch.components">
            <summary> 
            Required designer variable.
            </summary>
        </member>
        <member name="M:Bunifu.UI.WinForms.BunifuToggleSwitch.Dispose(System.Boolean)">
            <summary> 
            Clean up any resources being used.
            </summary>
            <param name="disposing">true if managed resources should be disposed; otherwise, false.</param>
        </member>
        <member name="M:Bunifu.UI.WinForms.BunifuToggleSwitch.InitializeComponent">
            <summary> 
            Required method for Designer support - do not modify 
            the contents of this method with the code editor.
            </summary>
        </member>
    </members>
</doc>
